restOfName,
James R.,
Noble Brandon,
Hugh,
Lawrence,
Thomas,
Kate Mason,
Elisabeth Dwight Woolsey,
Mary Elizabeth,
Milnes,
Guinelda Ethelia Mummey,
Thomas,
Miles,
Catherine,
Samuel,
Robert Carr,
Johannes,
Geoffrey,
Maxwell,
,
Giovanni,
,
,
Lorenzo,
Robert Devereux,
,
Diego Sarmiento de Acuña,
John Digby,
Thomas,
Dorothée de Croy,
Frances Howard Carr,
John,
,
John,
Raimundus,
Henry Bennet,
Charles,
,
Giovanni Giusto,
Antonio,
Jean,
,
,
Jacques,
,
Samuel,
William,
Alexander,
Johann Jakob,
Charles,
Robert,
Benjamin,
Stephen,
John,
Alexander,
Francis,
Matthew,
Philip,
George,
David,
,
Samuel,
Roger,
Joseph,
Samuel,
Charles,
John,
Lyman,
Abraham,
George,
William,
Caesar,
Thomas,
John,
Joseph,
George,
Richard,
William,
Johann Joachim Christoph,
Daniel,
Oliver,
Samuel,
William,
Robert Treat,
Humphrey,
George Anne,
Richard Henry,
George,
Christoph Martin,
George,
Francis Lightfoot,
Robert,
Thomas,
William,
Richard,
John,
Francis,
Thomas,
Domenico Maria,
George,
William,
Elias,
Samuel,
Edmond,
Arthur,
William,
James,
George,
Thomas,
Elbridge,
Abigail,
Pierce,
Mark,
Richard,
Thomas,
Benjamin,
John Paul,
Gottfried August,
James Pelham,
Friedrich Justin,
Robert,
George,
Thomas,
Edward,
Nicholas,
Charles,
Micajah,
John,
John Eager,
,
Wade,
John,
Cornelius,
Philip Barton,
Samuel,
Antonio,
Frederick,
Karl,
,
Elias,
Oliver,
Thomas,
Albert,
John Jacob,
Edward,
Robert Goodloe,
John,
Robert,
Elizabeth Short,
Andrew,
August Wilhelm von,
Mary Thomas,
,
Arthur Wellesley,
William,
Joseph,
Samuel,
Walter,
H. (Heinrich),
William Harris,
William,
William Henry,
,
Ludwig,
Eliphalet,
Juliana Owen,
Charles,
Lucien,
Joseph Blanco,
Barthold Georg,
William,
Langdon,
Joseph,
Richard H.,
Thomas,
John,
Henry Brougham,
J. J. (John Josias),
Johann Christian,
Joseph,
Jöns Jakob,
Joel Roberts,
Carl,
Friedrich Karl von,
John,
Richard M. (Richard Mentor),
Richard,
Daniel,
Charles Jared,
Martin,
Lewis,
Helmina von,
Joseph,
Chester,
John,
Walter,
Virgil,
John James,
Jacob,
John,
August,
Nicholas,
James Silk,
Charles James,
William L. (William Learned),
Louis,
Samuel L. (Samuel Lewis),
,
,
Joseph John,
Micajah,
John C. (John Canfield),
Levi,
Jared,
Carl Gustav,
Wolf,
John Henry,
Thomas Spring-Rice,
Azariah C. (Azariah Cutting),
Michael,
Duff,
Percy Bysshe,
Karl Heinrich,
,
Dionysius,
Sam,
Edward,
John,
John,
Joshua R. (Joshua Reed),
Charles,
Tacy E. (Tacy Ellicott),
William B. (William Buell),
Marie Joseph François,
Jeremiah Fisher,
Junius Brutus,
Horace,
Philo,
Ottilie von,
John S.,
Charles,
Edwin,
Gerrit,
Joseph,
Theophilus,
Amariah,
Auguste,
Sylvanus,
Marie-Caroline de Bourbon-Sicile,
John A. (John Adams),
Greenbury W. (Greenbury William),
Samuel George,
Friedrich Ludwig von,
Aaron,
Andrew Jackson,
John W. (John Worth),
Philip T. (Philip Thomas),
Mary Botham,
Edward,
Edward,
William Parsons,
Millard,
Friedrich,
S. C. (Samuel Carter),
George,
D.-D. (Denis-Dominique),
Ludwig,
Caroline M. (Caroline Matilda),
William Henry,
Robert Dale,
A. (Abraham),
Theodore Dwight,
John Henry,
Abby Hopper,
John,
Ira,
Gideon,
Lydia Maria,
George,
Dorothea Lynde,
Eduard von,
Lajos,
James Campbell,
William A.,
Henri,
James,
Judith Page Waller,
Nathaniel,
Franklin,
Charles,
Charles,
Alexis de,
Robert Bowne,
Frederick Denison,
George,
William E. (William Earl),
David Dudley,
Charles,
James,
Worthington,
Nathaniel Parker,
John Young,
Matthew Fontaine,
H. A. (Heinrich Albert),
Henry A. (Henry Alexander),
Augustus W. (Augustus Williamson),
Arnold,
Mary,
Heinrich,
Henry Wadsworth,
Joseph,
Henry,
Salmon P. (Salmon Portland),
Honoré,
James,
Henry I. (Henry Ingersoll),
Hamilton,
W. H. (William Henry),
James,
Abraham,
Benjamin,
Charles,
Samuel,
Cyrus Hall,
Frederick A. P. (Frederick Augustus Porter),
Oliver,
Robert Cumming,
George W.,
George W. (George Washington),
Pliny,
Robert C. (Robert Charles),
William Mason,
John,
J. Mason (James Mason),
William,
Christian Edward,
John,
P. T. (Phineas Taylor),
John,
Cassius Marcellus,
William Makepeace,
Washington,
Horace,
Charles,
Karl,
William P.,
Louis,
Wendell,
Charles D. (Charles Daniel),
Noah,
Andrew P. (Andrew Preston),
Clara,
James,
Alfred Billings,
Samuel,
Berthold,
George Ticknor,
Friedrich,
Epes,
Henry Ward,
Christopher Pearse,
James Dwight,
René,
Heinrich Wilhelm,
L. (Luise),
Samuel J. (Samuel Jones),
James Joseph,
Lorenzo,
Andrew,
Eliza W. (Eliza Wood),
Richard F.,
Adolph,
Friedrich,
W. (William),
Ellen Bankes,
S. Austin (Samuel Austin),
Parke,
Karl,
William,
Moriz,
Horatio,
Max,
John A. (John Albion),
Theodor,
Mary Todd,
Edward Otho Cresap,
J. Lawrence (John Lawrence),
Henry,
Ferdinand,
G. T. (Gustave Toutant),
Henry,
Alexander,
Lyman,
Henry,
Friedrich,
Walt,
J. D. (Josiah Dwight),
Charles A. (Charles Anderson),
Adolf,
Thomas Dunn,
P. C. (Phineas Camp),
George Gabriel,
Alexander Melville,
Julia Ward,
T. Rupert (Thomas Rupert),
Thomas,
William T. (William Tecumseh),
Samuel,
Maturin Murray,
Margaret Junkin,
Herbert,
John,
Susan B. (Susan Brownell),
Elizabeth Ann Ashby,
Henry B. (Henry Barton),
Hermann von,
William Frederick,
Arthur,
Karl,
Richard S. (Richard Salter),
W. (Wilhelm),
Reverdy,
James,
Theodore W. (Theodore William),
Octavius Brooks,
Louis,
James Hubert,
Gardiner G. (Gardiner Greene),
Richard Malcolm,
Frederick Law,
Frances Power,
Wolcott,
Louisa Eastman,
Edward Everett, Sr.
Francis,
Mary Ellicott,
John Elliott,
Elias,
Edward A. (Edward Augustus),
Ernest,
Francis,
John D. (John Daniel),
Joseph,
John,
Joseph,
Rudolf von,
Goldwin,
Thomas Wentworth,
Nevil,
Nathan,
Harry,
Stonewall,
Barney,
Eli T. (Eli Todd),
Samuel Sullivan,
George William,
Lucy,
Julius H. (Julius Hawley),
Benjamin Apthorp,
Thomas McIntyre,
David McKendree,
Jessie Benton,
Charles Godfrey,
John Foster,
Robert Ogden,
A. D. T. (Adeline Dutton Train),
John Tyler,
Henry Beebee,
Joseph,
Bayard,
Thomas Henry,
Francis James,
Julius,
William Allen,
J. L. M. (Jabez Lamar Monroe),
Richard Henry,
William,
Henry Charles,
Julia C. R. (Julia Caroline Ripley),
Charles A. (Charles Anthony),
John William,
T. E. Cliffe (Thomas Edward Cliffe),
Charles D. (Charles D'Urban),
Rose Terry,
William Dwight,
Edward,
Charles Eliot,
W. J. (William James),
Curtis,
Karl,
Thomas F. (Thomas Francis),
Eduard,
William A. (William Alexander),
Frank,
Emile,
Timothy,
Franz von,
Anton,
Nathaniel H. R.,
Levin,
Charles Carroll,
Charles Dudley,
Carl,
,
S. Weir (Silas Weir),
Tommaso,
James Burrill,
John Esten,
Paul Hamilton,
Benjamin Vaughan,
Charles,
H. Clay (Henry Clay),
Mary Mapes,
Noah K. (Noah Knowles),
John Lee,
Paul,
Marie von,
A. (Abraham),
Henry,
James Clerk,
James A. (James Abram),
Adam,
Justin,
Othniel Charles,
Daniel,
Ernst,
Wm. J. (William J.),
Rebecca Harding,
Wilhelm,
William P. (William Pierce),
William Watson,
Richard,
Grenville M.,
Amanda M.,
F. B. (Franklin Benjamin),
Marcus J. (Marcus Joseph),
William Douglas,
William Stevens,
John G. (John George),
William R. (William Robert),
Hubert Howe,
Andrew Dickson,
F. F. (Frank Findley),
Henry,
D. D. (Daniel Dunglas),
James,
Mary Abigail,
John S. (John Sleeper),
Benjamin,
Rebecca Sophia,
Edmund Clarence,
Horace Howard,
Powell,
August,
John Singleton,
Rose,
Ernst Willibald Emil,
Frank R.,
Charlton Thomas,
S. P. (Samuel Pierpont),
Robinson,
Annie,
Henry Lee,
James,
Cyrus,
Charles William,
James K, (James Kendall)
Moses Coit,
Charles Kendall,
Samuel,
Désirée,
William Torrey,
Simon,
Alexander,
Mark,
Alexander S. (Alexander Stewart),
Felix,
Charles Francis,
William Hayes,
Andrew,
Harriet Elizabeth Prescott,
Lyman,
Archibald,
William Osborn,
Rachel,
Fitz Hugh,
Wirt,
R. H. (Robert Henry),
Stuart,
Thomas Bailey,
Charles,
J. N. (Josephus Nelson),
Robert C. (Robert Curtis),
H. (Harry),
William Conant,
John Watson,
William,
Clark E. (Clark Ezra),
Charles Frederick,
Marietta,
Henry,
Augustus Allen,
John Meredith,
John George,
Edward,
Grover,
Theodore M.,
Lawrence Heyworth,
Maggie,
Franklin,
William Dean,
Laurenus Clark,
John Wilkes,
Kate,
Augustin,
Cushman Kellogg,
Henry,
Horace Elisha,
Wilhelm,
Albion W.,
John S. (John Shaw),
Thomas R.,
Henry B. (Henry Benjamin),
Henry,
James Bryce,
Alvin,
George Otto,
S. C. (Samuel Chapman),
Frances E. (Frances Elizabeth),
Simon,
Robert Henry,
A. S. (Alpheus Spring),
Arthur P. (Arthur Pue),
Dudley,
N. C. (Nils Christofer),
James McHenry,
James,
George L. (George Lincoln),
Constance Fenimore,
Émile,
George,
Wendell Phillips,
Carroll D. (Carroll Davidson),
Irving A. (Irving Ashby),
Angelo,
James M. (James Mercer),
Henry,
Henry,
Simeon E. (Simeon Eben),
Thomas,
Rossiter,
John T. Jr. (John Torrey),
Patrick,
Carl,
H. (Hermann),
H. (Hermann),
R. C. (Richard Claverhouse),
Charles A. (Charles Augustus),
Thomas C. (Thomas Corwin),
Burt G. (Burt Green),
Armand,
Richard David,
George Collier,
Oliver Wendell,
George Croom,
Justus M. (Justus Mitchell),
Elliott,
John,
Edmond,
Bronson,
Theodore Ayrault,
William,
Melville Ezra,
John Henry,
A. I. (Aleksandr Ivanovich),
Marianne,
Georg Morris Cohen,
George Herbert,
Charles V. (Charles Valentine),
George Gary,
William,
William Lyne,
Johannes,
Laurence,
Josephine Shaw,
Henry Yates,
Grove Karl,
Martin A.,
Knute,
John,
Henry M. (Henry Mills),
Thomas C. (Thomas Chrowder),
Julia Maynard,
Walker Burford,
James F. (James Francis),
Maurice,
Clifford Anderson,
Persifor,
Richard Watson,
Andrew,
Robert Yelverton,
Henry S. (Henry Smith),
John Edwin,
G. Stanley (Granville Stanley),
Friedrich,
George Washington,
George Haven,
Harvey Washington,
A. W. (Adolphus Washington),
Edward J. (Edward Jackson),
Henry Ryland,
August,
Clara Merryman,
John B. (John Banister),
Will,
Charles E. (Charles Edwin),
Wilhelm,
Fred H. (Fred Hovey),
Sidney,
William H.,
Leopold,
George,
A. H. (Archibald Henry),
Cassandra Moncure,
Edwin A. (Edwin Augustus),
Elihu,
Mary Josephine Mason,
Henry,
Hamilton Wright,
Anson D. (Anson Daniel),
Edward C. (Edward Charles),
A. Barton (Alonzo Barton),
Leontine,
T. S. (Thomas Stewart),
Julian,
Rasmus Björn,
Linda,
Archibald Clavering,
Edwin J. (Edwin James),
Alexander Graham,
Henry A. (Henry Augustin),
George F. (George Frederick),
Millicent Garrett, 
Christine,
Thomas A. (Thomas Alva),
John Bates,
E. L. (Edward Laurens),
Hjalmar Hjorth,
H. Newell (Henry Newell),
Paul,
Thomas D. (Thomas Day),
James Albert,
Henry,
Harmon Northrop,
Edward L. (Edward Livermore),
B. (Bernhard),
Austin,
Brooks,
James Ford,
Ulrich von,
Thomas H. (Thomas Huston),
Carl,
Alexander,
Frederick,
Ferdinand,
May,
Raphael,
Francis,
John Williams,
Karl,
Mary Hilleary,
Eugen,
Richard G. (Richard Green),
T. Mitchell (Theophil Mitchell),
Robert Simpson,
James Lane,
Harry Pratt,
Edmund,
William Gardner,
George Elliott,
Talcott,
Charles Francis,
Charles S. (Charles Sheldon),
Charles E. (Charles Edward),
Eugene,
Minton,
S. H. (Samuel Henry),
Seth,
A. Howard (Alonzo Howard),
Paul,
F. V. (Francis Vinton),
Mary Noailles,
William Henry,
Henry Cabot,
Wilhelm,
Charles D. (Charles Doolittle),
William Milligan,
Eduard,
William Morris,
William Travers,
William Henry,
Richard,
George Watson,
Perry,
G. Brown (George Brown),
George Parsons,
Samuel Macauley,
J. R. Sitlington (John Robert Sitlington),
Daniel Augustus,
Samuel,
Henry C. (Henry Carter),
Hannis,
Emil Gustav,
George Burton,
John Merle,
Melvil,
David Starr,
Felix,
Arthur,
Anna Howell Kennedy,
William,
Oscar,
Émile,
Maurice Francis,
James Wilson,
Frank W. (Frank Washington),
Brander,
Theodore Salisbury,
Mary Eleanor Wilkins,
Albert A. (Albert Abraham),
Henry,
Clarence Winthrop,
J. Rendel (James Rendel),
Howard,
Reuben Gold,
Thomas Nelson,
Albert S. (Albert Stanburrough),
John,
C. H. (Charles Harold),
William H. (William Henry),
Robert Underwood,
Fabian,
Andrew Fleming,
Juliusz,
F. Marion (Francis Marion),
Albion W.,
Benjamin Ide,
Edgar F. (Edgar Fahs),
George P. (George Perkins),
Charles,
Frank W. (Frank Wilson),
E. L. (Edward Leamington),
Paul,
Jacob Gould,
Richard T. (Richard Theodore),
J. P. (John P.),
Albert Bushnell,
Rudolph,
Thomas,
Henry,
Gustav,
Walter Hines,
Francis Barton,
Maximilian P. E. (Maximilian Paul Eugen),
Edmund J. (Edmund Janes),
Houston Stewart,
Kuno,
J. J. (Jean Jules),
George C. (George Cary),
Elizabeth Robins,
Wilberforce,
George W. (George Washington),
William Rainey,
Henry A.,
John Harper,
Max,
Charles H. (Charles Herbert),
R. B. Haldane (Richard Burdon Haldane),
Jeremiah Whipple,
Arthur Twining,
F. P. (Francis Preston),
Lizette Woodworth,
Ignaz,
Frank B. (Frank Billings),
Shōsuke,
Henry Woodd,
Henry Osborn,
Blanchard,
George Adam,
R. H. (Russell Henry),
A. Lawrence (Abbott Lawrence),
James Albert,
Bernard,
Richard,
Marion Dexter,
H. Morse (Henry Morse),
David Scull,
Milward,
Joseph,
Justin Harvey,
Julius,
Edward Washburn,
Clayton,
Paul,
M. Carey (Martha Carey),
Herbert Weir,
Lucien,
Waldo Selden,
Henry S. (Henry Smith),
John Martin,
William A. (William Albert),
Ida M. (Ida Minerva),
Margaret,
Mary Elizabeth,
Albert,
S. S. (Samuel Sidney),
L. O. (Leland Ossian),
John Mark,
Walter Lorenzo,
Kuno,
Charles Mills,
Michael,
Marcella,
William,
Edward Mandell,
Henry Barton,
Ludwig,
Davis Rich,
Otis,
Howard A. (Howard Atwood),
Francis King,
Edward Luther,
J. E. (John Edwin),
William,
George,
Victor,
Arthur Conan,
Arthur Conan,
William Herbert Perry,
William Coolidge,
E. H. (Enoch Herbert),
E. H. (Edward Hugh),
Theobald,
Konrad,
J. Franklin (John Franklin),
Thomas James,
Samuel,
Isidore,
F. W. (Frank William),
Henri,
George A. (George Aaron),
Charles,
John H. (John Henry),
Francis Asbury,
Henry,
E. A. (Ethan Allen),
Edward Gaylord,
Edwin Erle,
Lizzie,
H. Godfrey,
Edward Webster,
R. S. (Robert Scott),
Gari,
Harriet,
Susan Brune,
George Lyman,
George Lyman,
Daniel Berkeley,
Otto,
James McKeen,
Frederic,
William Cabell,
Albert,
George O. (George Oliver),
John J. (John Joseph),
Clara,
,
William Ralph,
William Howe,
Morris,
Walter Alexander,
James Edwin,
Harold,
W. G. (Wilberfoss George),
Edwin Anderson,
Frederick Jackson,
Elmer Ellsworth,
James M. (James Montgomery),
Friedrich,
Virginia Woodward,
Edwin R. A. (Edwin Robert Anderson),
David,
Edwin Hatfield,
Andrew C. (Andrew Cunningham),
Edith Kermit Carow,
Arthur B. (Arthur Barksdale),
Herbert,
Walter Francis,
A. (Alfred),
Hans,
Louis,
Leo,
Conrad,
John Jay,
Inazō,
Walter L. (Walter Lowrie),
Elia Wilkinson,
T. (Toyokichi),
A. V. Williams (Abraham Valentine Williams),
Johann Heinrich,
C. H. (Charles Hall),
William P. (William Peterfield),
Charles Augustus,
Andre Walker,
James Hayden,
John R. (John Rogers),
Nicholas Murray,
Wilbur L. (Wilbur Lucius),
Josephus,
Charles Evans,
Walter,
Edith Gittings,
Morris,
Hugo,
Horatio W. (Horatio William),
John,
Edward William,
Sidney Edward,
Anthony,
William Holland,
William,
H. W. (Harry Walter),
Cyrus,
William,
Charles McLean,
John Henry,
Joseph,
Simon,
Jean,
Mark,
Frederic Adrian,
Charles Morris,
Richard,
Wilhelm,
Alfred H. (Alfred Henry),
Robert,
William Sydney,
Beatrice,
Miguel de,
Paul Elmer,
Francis,
James R. (James Rockwell),
Frank H.,
Oliver,
John Wallace,
George E. (George Edgar),
James E. (James Earl),
James Morton,
Creston,
Christian Archibald,
Stephen B. (Stephen Beauregard),
John Skelton,
Julius,
Ephraim Douglass,
Herman Vandenburg,
William Lyon,
Thomas Scott,
Nelson Horatio,
James Rudolph,
Stephen,
Arthur,
Dugald C. (Dugald Caleb),
William Merriam,
George Malcolm,
Daniel Trembly,
Thomas Nixon,
Alexandre,
James Edward,
Yat-sen,
George Barr,
Geo. P. (George Peter),
Oscar K. (Oscar King),
James William,
A. (Antoine),
Josephine Pettengill,
John William,
Edwin F. (Edwin Fitch),
Mario,
Charles Benedict,
Lyman P. (Lyman Pierson),
H. G. (Herbert George),
Hermon Atkins,
James Gustavus,
Carl E. (Carl Emil),
Edward,
Adolf,
Edward Alsworth,
Charles F. (Charles Francis),
Carl Darling,
E. W. (Eugene Willis),
Michael A.,
R. M. (Robert Matteson),
Maud,
John Spencer,
Robert Tunstall,
Alexander Pollock,
Robert DeCourcy,
C. Carroll (Charles Carroll),
George William,
Vernon L. (Vernon Lyman),
E. F. (Edward Frederic),
Frederic C.,
Frederick James Eugene,
Hans,
Léon,
Lewellys F. (Lewellys Franklin),
John Livingston,
Westel Woodbury,
Alfred,
O. F. (Orator Fuller),
Henry L. (Henry Lewis),
Wilder D. (Wilder Dwight),
Holger,
C. (Carl),
William F. (William Franklin),
Glen Levin,
Homer,
Edith,
Charles Oscar,
Rockwell Dennis,
Theodore W. (Theodore William),
Franklin L. (Franklin Lafayette),
George Ellery,
Charles Downer,
William Arthur,
Charles D. (Charles Day),
Eugen,
Edgar Lee,
Arnold,
Carl von,
Robert Andrews,
C. G. (Clarence Gordon),
George,
C. Judson (Charles Judson),
W. E. B. (William Edward Burghardt),
Samuel J. (Samuel Jackson),
Gary N. (Gary Nathan),
Miguel,
Edgar Gardner,
Paul,
John Holladay,
William Edward,
,
Herbert V. (Herbert Vincent),
Carleton,
Charles Jesse,
Arthur Deerin,
Jonathan Thayer,
Max,
Booth,
Wilbur Cortez,
Royal,
James Rowland,
André,
Albert Ernest,
C. M.,
William Robertson,
Evelyn,
Ogden H. (Ogden Haggerty),
Louis,
Samuel McCune,
Ramón,
Richard C. (Richard Cockburn),
Henry R. (Henry Rogers),
Allen,
Fielding H. (Fielding Hudson),
Charles Homer,
Jay J. (Jay Johnson),
Wilbur J. (Wilbur John),
Walter Ralph,
Caswell,
Hugh H.,
Frank Rattray,
Clark,
Albert Bernhardt,
E. M. (Edward Manuel),
Archer M. (Archer Milton),
John McLaren,
Bruce,
Ulysses,
Warren H. (Warren Harmon),
Bernard M. (Bernard Mannes),
William Westley,
Louis M. (Louis McHenry),
James Wilford,
Thomas Stockham,
Arthur,
Haywood Jefferson,
Frank L. (Frank Lyon),
Walter B. (Walter Bradford),
Edward Kennard,
Paul,
John Herman,
Franz Adam,
Heinrich,
Ernest,
Cordell,
Edward Dana,
J. Reuben, 
W. J. V. (Winthrop John Van Leuven),
Canby A.,
Calvin,
George Philip,
Stephen,
Manuel,
R. B. (Ronald Brunlees),
Mikinosuke,
Harlan Fiske,
Frank,
John A. (John Archibald),
R. P. (Rheinart Parker),
Ludwik,
Wallace Walter,
Emilio de,
Oswald Garrison,
Hamilton,
J. H. Mason (James Hall Mason),
Hoffman,
J. B. (John Boswell),
Raymond C. (Raymond Carroll),
Max,
Benjamin M. (Benjamin Minge),
Paul,
Leonora,
Louise,
Norman Kemp,
Edwin,
Bertrand,
Ernesto,
Henry Wysham,
William,
Dwight W. (Dwight Whitney),
W. P. (William Penn),
Tullio,
David Hilt,
J. Frank (John Franklin),
Lida Lee,
L. Wardlaw (Louis Wardlaw),
Willa,
David Spence,
Charles Cheney,
William Pepperell,
William Linn,
John W. (John William),
Walter,
Henry Prather,
William Ernest,
Max F. (Max Friedrich),
Edwin,
G. K. (George Kimball),
Guglielmo,
R. W. (Raymond Wilson),
Henry Gordon,
Juan Bautista,
William Franklin,
Charles A. (Charles Austin),
August,
Ludwig,
Frank Ross,
George Harrison,
Jesse H. (Jesse Holman),
Anson Phelps,
Michael F. (Michael Frederic),
John D.,
Robert,
Herbert,
James T.,
Lucy Leffingwell Cable,
C. R. (Charles Raymond),
William Allison,
Cassandra Moncure,
Robert,
Bird T. (Bird Thomas),
V. M. (Virgil Mores),
Evelyn,
Frederick P. (Frederick Paul),
James Bissett,
Edward Wilber,
Burton E. (Burton Edward),
Knight,
S. Archer,
Rollin,
Edgar H. (Edgar Howard),
Thomas,
Hiram,
Rufus Ashley,
William Bennett,
Enno,
Lane,
Eugene,
Arthur Hobson,
Robert Woods,
Fritz,
Gérard d',
Winterton C. (Winterton Conway),
Albert,
Albert C. (Albert Cabell),
Tenney,
Léon-Paul,
H. Maxwell,
John S. P. (John Strong Perry),
Alexander Wilbourne,
Robert Mearns,
William Albert,
Ralph Barton,
Mary Roberts,
Isaac Frederick,
Max,
Chauncey Brewster,
John C. (John Christen),
R. E. (Robert Ervin),
J. E. Wallace (John Edward Wallace),
Orestes,
Roy,
Amy L. (Amy Louise),
Ulrich Bonnell,
Henry Wolf,
Robert K. (Robert Kilburn),
A. S. (Arthur Sperry),
Frank R. (Frank Richardson),
Warren Robinson,
William,
Arthur Byron,
William Cullen,
Don,
Stanley,
Christian,
John B. (John Broadus),
Henry Seidel,
Wilfrid Wilson,
Mathew,
William,
William R. (William Richards),
John,
William,
Albert,
Elmer Verner,
A. R. (Anthony Richard),
John Purroy,
Vachel,
Sheldon Leavitt,
Paul,
Raymond,
Esteban,
Robert Welles,
Frank Eugene,
Nelson,
Henry,
Julian,
Arthur Stanley,
Albert,
Paul Louis,
James Ford,
Howard,
Fred Morris,
Edwin Bidwell,
Carl G. (Carl Gottfried),
Peyton,
J. Salwyn (Jacob Salwyn),
George Howland,
Leon,
Robert S. (Robert Sampson),
Roy D. (Roy Dikeman),
Enrique Alfredo,
Edmund Lester,
Robert William,
Theodore Leslie,
Morris Raphael,
John A.,
Marie Oge,
Sidney L. (Sidney Lauer),
Alfred,
David M. (David Moore),
David Allan,
Reinhard,
Joseph C. (Joseph Clark),
Helen,
Leonard,
James Anderson,
Robert Halsey,
Mary,
Edgar,
Lascelles,
F. K. (Floyd Karker),
Robert,
Valéry,
John Van Antwerp,
Helen,
Theodore,
Pablo,
Fernandus,
Harold H. (Harold Herman),
John,
Edouard,
Olga,
James,
Herbert Leslie,
Maxwell Struthers,
Sosthenes,
Georges,
Florence Eilau,
Alphonse Mary,
Maurice,
Ricardo J. (Ricardo Joaquín),
André,
Alexander Grant,
Charles,
Horace Meyer,
Henry A. (Henry Allan),
E. (Emmanuel),
Prentiss BaiIey,
Leslie Alva,
Asa A. (Asa Arthur),
Carl,
J. H. (Joseph Hubert),
Benito,
Clarence A. (Clarence Addison),
Leland,
Hugh,
Ray,
Arthur A. (Arthur Atwood),
George S. (George Strausser),
Frederick Vernon,
Patrick J. (Patrick Jay),
Clarence Irving,
Lucien,
James Grafton,
Ogden Livingston,
Hugh,
George David,
Edwin,
George,
John Collings,
Ray Bert,
Eleanor,
George Sylvester,
Joseph T. (Joseph Theophilus),
Florence Ellinwood,
William Smith,
Jean,
Lawrence C. (Lawrence Counselman),
Michael,
Harry S.,
Harry,
Esther J. (Esther Josephine),
Frederick S. (Frederick Simonds),
Cary Franklin,
Jacob R. (Jacob Richard),
Warren Delano,
Jordan Herbert,
Franklin Mott,
Jerome,
Hans,
Henri,
Hermann,
Zechariah,
Henri,
John E. (John Edensor),
Louis,
Donald Alexander,
Charles Herbert,
William Rose,
Manley O. (Manley Ottmer),
Harmodio,
Jefferson,
Vincent,
Avery,
William Lee,
Ralph Coplestone,
Jessie Woodrow Wilson,
Alexander,
Leonard,
K. T. (Karl Taylor),
Oscar B.,
E. Newton (Edmund Newton),
Leo,
Agnes Elizabeth Ernst,
Kai-shek,
Julian,
Norman,
Geoffrey,
Cornelius Van Hemert,
Ferdinand L. (Ferdinand Lathrop),
Samuel Gwynn,
Sidney,
Thomas,
Bruce,
Franklin C. (Franklin Chambers),
Bessie,
Gertrude Heim Klemm,
Paul,
John Foster,
Samuel C. (Samuel Claggett),
Harold C. (Harold Clyde),
Alan M. (Alan Mason),
Henry A. (Henry Agard),
Hamilton,
L. W. (Lawrence Wood),
Clarence C. (Clarence Cook),
Richard,
F. A. E. (Francis Albert Eley),
Selman A. (Selman Abraham),
John Crowe,
E. V. (Edmund Vincent),
James A. (James Aloysius),
Giovanni,
Irving,
Harry Thomas,
Frank Benedict,
William O. (William Oswald),
Adolf,
George Frisbie,
Gabriela,
Henry Richmond,
Jean,
Diego Luis,
Harold Munro,
Pitirim Aleksandrovich,
Walter,
Charles William,
Carl Ortwin,
Harold W. (Harold Willis),
Errett C. (Errett Cyril),
George H.,
Inez René Chatain,
Thomas C. (Thomas Clifford),
William Jacob,
Robert W. (Robert Wood),
William Wilson,
Robert Lee,
Thurlow C. (Thurlow Christian),
Angela,
Millard E. (Millard Evelyn),
Constantine E. (Constantine Edward),
P. S. (Percival Sidney),
Ezequiel,
Sterling P. (Sterling Power),
Ferdinand,
Ernest Carroll,
Emilio,
James C. (James Clement),
Katherine Anne,
Samuel Wood,
Alfred C. (Alfred Clarence),
Leslie Brainerd,
Clyde P. (Clyde Polhemus),
Gildardo,
Henry E. (Henry Ernest),
Vincent,
Irita Taylor,
Stanley P. (Stanley Philip),
Daniel Robert,
John Kirtland,
Samuel Flagg,
James C. (James Cummings),
Lewis Victor,
Vernal Earl,
Elizabeth Randall,
Antonio G. (Antonio García),
Wendell L. (Wendell Lewis),
Newman Ivey,
Randolph Greenfield,
Pedro,
George Edwin,
Robert P. Tristram (Robert Peter Tristram),
Dorman H. (Dorman Henry),
Sumner,
Alexandre,
William Harder,
Osbert,
Jacob,
Thomas L.,
James,
Walter H. (Walter Hampton),
Archibald,
Rebecca,
Alfred A.,
Loy W. (Loy Wesley),
Dana Gardner,
John William,
Edgar H. (Edgar Hughes),
Richard,
Leo R. (Leo Richard),
Harold Joseph,
Charles,
Allen,
Dean,
Hamilton Fish,
D. C. (Devereux Colt),
James Bryant,
Bernard,
Carl W. (Carl Wilhelm),
Lowell B. (Lowell Blake),
Joan,
Jorge,
Harald,
F. S. C. (Filmer Stuart Cuckow),
Isabella,
Hershel V.,
Fritz,
Arthur Bliss,
Beardsley,
James,
Norbert,
Lilith,
Gordon Maskew,
Mark,
Allardyce,
Spruille,
Robert D. (Robert Daniel),
Eric,
Donald Ogden,
Marjorie Hope,
Ellsworth,
J. B. (John Boynton),
Dora,
Lincoln,
Alfred,
Muna,
Christian Archibald,
Scott,
J. Edgar (John Edgar),
Lewis,
George S. (George Samuel),
Erik Carlsson,
Gardner,
Edward F. (Edward Frederick),
Dino,
Luther L. (Luther Lafayette),
Charles,
Lowell Evan,
Earl T. (Earl Theron),
Virgil Melvin,
Vladimir,
John,
George Henry,
W. Stull (William Stull),
Ira,
Adelyn Dohme,
Stig Hansson,
Gerhard,
Amelia,
Arthur N.,
A. S. J. (Albert Sidney Johnson),
William Henry,
,
Thornton,
John Marshall,
Homer E. (Homer Earl),
G. E. (Gordon Enoch),
Frederick A. (Frederick Albert),
Laurence,
Charles,
Donald H. (Donald Hatch),
Richard L. (Richard Lee),
Federico,
Stephen Vincent,
George R. (George Robert),
Thomas Ollive,
C. M. (Cecil Maurice),
Philip,
David K. E.,
Georges,
Amalia de,
Paul A.,
Dámaso,
Harlan,
Willard Leon, 
Harold F. (Harold Francis),
Dwight Lucian,
H. Freeman,
Edmund,
Jacques,
Carl Frederick Abel,
Ellis,
Robert Maynard,
F. V. (Frank Vigor),
Robert K. (Robert Kendall),
Friedrich A. von (Friedrich August),
Conrad,
Max Harold,
Elio,
Robert Harding,
Richard,
Edward R. Jr. (Edward Reilly),
Wolfgang,
James P.,
Adlai E. (Adlai Ewing),
Yvor,
Richard P. (Richard Pinkham),
Arthur A. (Arthur Ainslie),
Roy,
André,
Harold Raymond,
Percy Leroy,
Samuel G. (Samuel Grossman),
Donald P. (Donald Paul),
George Frederick James,
O. R. (Otto Ruder),
John,
Andrew W. (Andrew Wellington),
André,
Mario,
John Henry,
John M. (John Moors),
Gottfried S. (Gottfried Samuel),
William T. (William Terry),
Henri,
Harry,
Arleigh A.,
Walker Kirtland,
J. D. H. (Joseph Désiré Hubert),
Maud,
Ralph Aubrie,
George W. (George William),
Jacob Ernest,
Charles,
Maud von,
Samuel,
David O.,
Ogden,
Charles A. (Charles Augustus),
Richard,
Jonathan,
Henry Cabot,
Merlo J. (Merlo John),
C. W. (Cornelius William),
Henry,
Sidney,
Max,
Mortimer Jerome,
Eugene,
Jan,
John,
Leo,
Jean,
W. Walton (William Walton),
Livingston T. (Livingston Tallmadge),
Anaïs,
R. P. (Robert Preston),
G. Evelyn (George Evelyn),
Philip W. (Philip Wilson),
Chet,
Francis Otto,
Grayson L. (Grayson Louis),
Charles A. (Charles Albro),
Harold C. (Harold Charles),
Helen Mar,
R. P. (Richard P.),
J. Robert,
Jules,
Dean,
Marshall,
William S. (William Siegmund),
Adolf,
John S.,
Huntington,
Theodore,
Harold F. (Harold Fredrik),
Salvador,
Mary Steichen,
Richard,
Gerrit,
Charles Clifford,
W. Gardner (William Gardner),
Curtis L. (Curtis Lakeman),
Henry Hill,
Perry,
Aaron,
Anna Granville,
T. M. (Tracy Morton),
Lillian,
William E.,
Robert Penn,
Myles,
Aaron C. (Aaron Clement),
Philip P. (Philip Paul),
Thomas Keith,
W. Norman (William Norman),
Robert S.,
Elizabeth Scott,
Donald M. (Donald Metcalf),
Amos Benkov Kuan-Chin,
Bernice Frances,
Klaus,
Dillon,
Bart J. (Bart Jan),
Arthur David,
Charles Habib,
James E. (James Edwin),
Einar,
André,
Anne Morrow,
Henry Mason,
Cazlyn Greer,
W. R. (William Raymond),
Norman Ellsworth,
Albert,
W. (Wilfred),
Heinz,
Walter,
d'Alté A. (d'Alté Aldridge),
W. H. (Wystan Hugh),
John T. (John Tate),
John R. (John Ray),
Leon,
James A. (James Albert),
H. A. (Horace Albert),
Harold E. (Harold Edward),
Eric Roll,
Alsoph Henry,
Peter,
Williard Joseph,
V. O. (Valdimer Orlando),
Nels F. S. (Nels Frederick Solomon),
Robert F. (Robert Franklin),
William,
William,
C. Burke,
Francis O. (Francis Orlando),
Leonor,
C. Vann (Comer Vann),
Majid,
Eduard L.,
Robertson,
Carlos,
Anne,
W. Kendrick (William Kendrick),
William L. (William Lewis),
Albert Pierce Franz,
Paul K. T. (Paul Kwang Tsien),
Zilphia,
Orlando S.,
Charles Robert,
A. J. (Alfred Jules),
Francis,
Louis,
Joseph Gerard,
Nathaniel,
Albert D. (Albert Dean),
Hubert H. (Hubert Horatio),
Henry,
Shiing-Shen,
Frederick,
Prince, 
Bostwick H.,
Otto Georg von,
Henry F. (Henry Finch),
deLesseps S. (deLesseps Story),
May,
Henry,
John B. (John Bonner),
Gellert Spencer,
N. S. Rustum,
Alexander Grant,
Donald Clifford,
C. West (Charles West),
Robert,
Mary Louise,
John Hallock,
Kurt,
Randall,
Chauncy D. (Chauncy Dennison),
George H. A. (George Henry Alexander),
Roy A. (Roy Arthur),
Hans Wilhelm,
Philip,
Herbert Claus,
Kenneth Menefee,
E. L. (Edward Lawrence),
Philip L.,
William McC. (William McCormick),
John Porter,
John,
Robert M. (Robert Minard),
J. Gordon (James Gordon),
Peter,
Francis Nicholas,
Harald H.,
Dorothy L.,
Barry,
Katharine,
William,
L. H. (Louis Herman),
James D.,
Walter Jackson,
John Beverley,
Alfred D. (Alfred Dupont),
Igor,
J. D. (Jerome David),
Stanley,
Anthony,
Paul G.,
Cord,
Wilbert E.,
James Jackson,
E. E. (Edward Earl),
George Louis,
Roderic Ladew,
Richard,
William,
Ernest Salisbury,
George,
Jack,
Charles McC. (Charles McCurdy),
Robert S. (Robert Stroud),
Stephen J. (Stephen John),
Daniel Baugh,
Daniel,
Timothy Lawrence,
Carl T. (Carl Thomas),
William F.,
Charles,
Maurice,
Frank V.,
Harry,
A. A. (Alan Arthur),
Ben,
George I. (George Irving),
J. Hillis (Joseph Hillis),
E-an,
William,
Peter G.,
Richard L.,
Kenneth J. (Kenneth Jinghwa),
Donald,
Jonathan,
George A.,
Myron A.,
Mike,
M. E. (Melvin Eustace),
Mark,
William Miller,
George Wescott,
Jack C.,
Douglas,
Allan C.,
Margaret,
Clarinda,
Paul Craig,
A. J. R.,
Lloyd,
Catherine,
Po-Lung,
Bruce,
R. D. (Robert D.),
David,
John,
P. Kyle (Peter Kyle),
Dennis R.,
Ernest,
Giulia,
Emily,
de France,
John,
Thomas,
William,
Francis,
Thomas,
Samuel,
Samuel,
David,
James,
Henry,
John,
George,
C. J. (Charles Jameson),
John,
Eugene,
Michael,
John P.,
Henry,
Margaret,
David C.,
Howard,
Charles D.,
G. J.,
Leon,
Margaret,
James,
John,
Button,
Lilian Janet Bird,
Ove,
John,
Marie Caroline d',
Estelle,
Alice,
C. D.,
Samuel,
Reverdy,
Charles Joseph,
John F.,
Thomas,
William,
the Baptist,
Reverdy,
Leonard,
Frederick,
C. F.,
,
Nan Hayden,
Eduardo,
M. W.,
Douglas H.,
Duncan W.,
Brent,
Richard,
,
Val,
Alfred P.,
,
Jane Fawcett,
Elizabeth,
Henry S.,
Mark,
Thomas Randolph,
Arriano,
Andrea,
Nora,
L. Wethered,
Carlyle,
Frederick,
Ernest,
Henri de,
Virginia Walcott,
Michael,
Hernand,
F. Lamont,
Quentin,
Ralph C.,
Ezra Taft,
J. Webb,
Matteo,
Louis,
Lloyd M.,
Donald G.,
Thomas H.,
Hugh,
Floyd C.,
Percy,
Louis,
Helen,
Allen T.,
G. Herbert,
Carrie Hoopes,
Erma,
Yves,
Dudley,
Ruth Frankel,
Gertrude,
Francis Cary,
Robert,
William,
Robert C.,
Joseph P.,
Horace H.,
Gerhard,
Philip,
Jimmy,
David S.,
Harley P.,
Lucy Hand,
Owens Hand,
Marion,
Art,
George G.,
Antonio,
Philander,
George F. C.,
J. MacBain,
Pablo,
Charlotte,
Arthuro G.,
A. Morris,
George G.,
Reginald,
Ian S. E.,
Antonio,
Ware,
H. W.,
William L.,
Ross McC.,
Rolf,
Emerson,
Robert,
Francis H.,
Frank G.,
Joseph H.,
John B.,
William P.,
Maurice Edgar,
Christopher,
Claribel,
Etta,
Amalia,
Henry Scofield,
Harry B.,
Jerrold S.,
Ramond,
Roger,
Thomas,
Raymond,
William,
Marion C.,
J. O.,
Kennedy,
John M.,
Bernard Alan,
Martín de la,
Paul T. (Paul Thomas),
Ira B.,
Kenneth,
Hugh Mercer,
J. M.,
R. D.,
Michele,
Leon,
O.,
Ryland N.,
Rylan Newman,
John S. (Treasurer),
Christian W.,
A. R. L.,
Henry Wolfgang,
Anna Pietsch,
James E.,
George Cochran,
John W. F.,
Salem,
John W.,
Agnes,
Ott,
John (Retailer),
Augustus,
Henry,
Lowell,
Eliza,
A. Marshall,
Herbert Berridge,
Edward S.,
David S.,
Klaus,
Thomas H.,
,
Leolyn Louise,
Joseph D.,
Waldron,
Edward F.,
Wallace O.,
Robert H.,
Artur,
David,
Stanley Eugene,
John,
Roger,
Thomas,
Warren L.,
Conde,
Diana,
Colleen,
Bennett,
William K.,
Rudolph,
Walker Burford,
H.,
Louis,
John,
Martin R.,
Alice Warder,
Devin,
Arthur H.,
Florence,
Angele de T.,
John Sterrett,
W. Irving,
Hans,
William M.,
E. C. (Edna C.),
Ellen,
Thomas,
Jean Marie,
Haven Bradford,
John C.,
William H.,
J. Holger,
I.,
Alice Betty,
Winthrop S.,
David L. (Minister),
Emily,
John W.,
John,
Faustino,
Henry F.,
Eduardo,
Charles J. M.,
Robert Bartlett,
Isabella L.,
Barbara,
Homer,
G. V.,
John A.,
Robin,
Lawrence A.,
George William Mallory,
Scott,
D. Edward,
Gertrude White,
Waldo H.,
David,
J. Miles,
L. R. (Lexemuel Ray),
Carmela,
Jack,
Conrad,
F. W.,
L. F.,
Delbert R.,
Albert,
Harriet,
Philip,
Tore,
Laurence Bedwell,
Michael,
Albert,
Ella M. S.,
Meta Ernestine,
Albert,
Katherine de M.,
Edith Louise,
Ruth,
,
James Ellis,
James Robert,
Ruth Wilson,
Vernon J.,
Albert,
Samuel D.,
Harold,
C. P.,
Theo,
Frank,
Bengt,
Richard,
Hallett,
William Preston,
Stacy V.,
Helene J. (Helene Jamieson),
E. R. van (Egbertus Rudolf),
H. P.,
John S.,
K. R.,
Anna,
Hugh,
John,
George,
Mary Brent,
Charles Vincent,
Allyn,
Kate F.,
Bayard,
Lawrence J.,
Alexander,
Russell,
C. Norman,
T. A. P. (Teunis A. P.),
W. H.,
Rex,
William W.,
Oler,
Henry,
Mary Day,
Henry G.,
L.,
I. A.,
Richard,
Seymour,
G.,
Elizabeth,
Julius G.,
Ivor,
L.,
Ta-ling,
Roger S.,
Morris I.,
Z. John,
Marjorie,
Sally,
Enid de,
Eunice,
Louise Sears Cobbs,
A. F.,
Joe,
Alan M. G. (Alan MacNaughton Gordon),
Richard P.,
Kevin,
Robert,
Tibor R.,
W. S.,
Paul S.,
Samy Pascha,
John (Retailer),
Giovanni,
Lionel S.,
W. L.,
Paul L.,
Focion A.,
Charles H.,
Glenn L.,
William McChesney,
James,
Owen,
A. James,
Frances,
Andrew J.,
William J.,
WIlliam A.,
Roley,
Matthew A.,
Vernon,
James G.,
A. (Alexander),
John L.,
Richard H.,
W. C.,
John K.,
Ella,
Fushhatche,
R. D.,
Dorothy Eugenia,
D. E.,
Albert D.,
I. K.,
Thomas Steven,
Adrienne,
Jean-Marc,
Edwin,
Stokely,
Jacob M.,
Robert,
John C.,
Nicholas,
Wallace J.,
Eliezer,
Ralph,
Jack D.,
Naneen,
Thomas,
Johnnie,
Paul H.,
Milton Harlow,
R. Henry,
Frank,
Avodah K.,
Daniel Alexander,
Warner,
J. Rafael,
Oliver,
Juan,
Jack L.,
Sara,
Gordon,
Cecilia,
Evelyn,
Mary,
Ronald,
Roy Harvey,
Svetozar,
Clifford,
Neville,
G. A.,
Sam F.,
Jim,
Eugene M.,
Spencer,
G.,
F. H. (Frank Henry),
Muriel L.,
Elinor M.,
Juliana Geran,
Roger,
Joseph,
Alvise,
,
David,
John,
Gray Johnson,
Evan,
Donald,
Walter,
William P.,
Donald,
Matteo,
Don Isodoro de,
W. V. (Willard Van Orman),
Arthur,
Howard H.,
Nina Ferrero,
Mary,
Orest A.,
Kenneth,
A. Frank (Adolf Frank),
David T.,
Nolan,
William B.,
C. F. Curtis,
Tench,
F.,
Joseph,
Francisco,
Margara Villegas,
Marguerite,
Tommy W.,
F. E. (Frank E.),
Nina,
J. C. Van,
Henry T.,
J. H. van,
Carol,
R. Richard,
Adolfus Fridericus,
Arturo F.,
Branko,
Julian G.,
E. Maxwell,
H. F.,
W. (Werner),
Charles M.,
John C.,
Georgette,
Winthrop R.,
Robert M.,
William,
Robert C.,
Leslie R.,
Harold,
George Brune,
Charles F.,
Cindy,
Bernard W.,
Richard A.,
Donald W.,
Ruth,
Kenneth Paul,
John Saulsbury,
Rocco C.,
Nina,
Beverly,
Theodore R.,
Alexander Howland,
F. Wilson,
Harriet L. (Harriet Lummis),
Herbert C.,
Enric,
Donald,
Nels P.,
Addison E.,
Catherine Bradford Harrison,
Eliza Reich,
Guinilda Ethelia,
Jerivs C.,
W. Lindsly,
Willing,
Konrad F.,
Nils K.,
Edward M.,
J.,
,
James B.,
Nathaniel B.,
F. A.,
Harry E.,
J. M.,
Diego,
Nila,
Telford,
Kenneth S.,
Nathaniel B. (Nathaniel Bowman),
Evan,
H. C.,
I. Davis,
F.,
Sarah,
Virginia Hunter Lyne,
Barbara,
Lawrence,
Anne,
John,
John,
Max,
A.,
J. Paul,
Eliseo,
Heinrich,
Hollis M.,
Mack,
Albert U.,
Mabel H.,
Jeremiah,
F. J.,
Ida H.,
Thompson,
William Achenbach,
T. N. (Thomas North),
Johnny,
George F.,
Helen G.,
Benjamin G.,
Clyde Norman,
Henry B. (Investor),
Theodore Halbert,
John Frederick,
David R.,
G. E.,
Gladys M.,
Richard H.,
Yong-pʻil,
John Howard,
Anna Prichitt,
